UniqueCount	AmbigCount
74	0
0	31
4	15
0	0
31	0
247	0
57	1
40	0
60	0
183	45
62	0
60	0
45	0
145	0
214	0
2	11
47	119
134	60
273	0
1145	0
92	0
1376	0
108	878
75	0
91	0
240	0
386	0
531	0
67	0
42	0
258	0
402	30
110	0
482	0
60	86
572	0
182	0
294	0
91	0
73	90
0	0
183	90
308	41
2	0
64	0
909	0
458	0
377	1
99	0
185	0
232	138
0	0
247	0
92	0
224	0
73	0
321	0
14	0
29	35
38	0
178	37
24	0
171	0
11	0
508	0
50	10
0	6
58	0
233	0
17	0
20	18
1726	154
214	0
149	0
99	0
85	0
2	4
135	0
53	0
46	0
11	0
95	0
70	0
1676	268
362	0
41	0
154	0
288	0
96	0
272	1568
111	0
66	12
103	0
926	32
61	0
20	0
2102	0
98	51
0	3
365	0
4	0
105	0
164	0
205	0
130	0
29	0
128	0
48	0
31	0
58	0
49	0
145	0
197	0
1294	2304
1	0
122	0
66	0
71	0
147	0
30	8
0	0
75	0
57	0
320	0
31	11
40	0
4	0
5	0
1834	0
84	0
23	0
0	8
68	0
110	0
30	0
40	2246
102	0
0	30
70	0
77	0
218	0
47	0
0	5004
89	0
29	0
71	0
124	11
108	0
132	0
1	0
197	21
25	15
47	0
10	504
481	0
123	0
7	0
59	0
135	0
1	0
84	0
425	0
65	0
49	0
114	0
9	12
908	0
171	0
30	420
33	0
194	0
0	5
86	0
54	0
200	264
90	0
132	0
72	0
315	0
0	0
197	0
10	68
0	5645
333	0
235	0
50	0
11	51
94	0
75	0
114	0
84	0
50	0
116	0
138	0
61	0
107	0
235	14
17	108
88	0
5	0
55	0
2	25
68	0
12	6
33	0
15	5336
2	0
63	0
116	153
7	12
0	0
104	0
48	0
58	43
62	4
209	0
1047	246
189	0
55	0
28	0
0	1095
127	0
100	0
0	0
117	0
1636	0
1	2
47	35
0	25
131	0
54	0
11	333
194	10
38	0
0	0
53	0
154	0
161	0
233	0
232	0
118	0
191	0
47	0
56	0
22	0
4	87
180	0
6	1
74	0
178	0
136	0
80	0
3	0
1	0
0	14
53	0
8	98
132	0
42	0
124	0
59	0
106	0
224	0
674	0
90	0
85	23
92	0
94	0
329	0
4	0
44	0
130	0
106	0
152	0
4	73
42	0
166	0
88	0
115	0
107	179
154	0
389	0
263	0
989	0
72	0
8	0
9	0
117	0
6	71
64	0
518	0
139	0
28	4
296	0
245	0
2	0
281	0
296	0
22	0
70	0
95	0
63	0
70	0
187	0
202	0
29	365
170	0
44	16
2	0
6	0
191	0
111	0
189	0
582	0
46	0
255	0
191	0
154	0
42	0
1	0
19	0
242	0
87	0
31	0
142	0
609	0
73	71
22	0
169	0
168	0
67	10
4	364
313	0
289	0
176	1967
75	0
3	0
153	0
42	26
64	0
65	0
153	0
73	0
56	0
450	0
1	0
165	0
55	0
516	0
0	1401
80	0
412	0
12	61
100	348
23	39
90	0
266	0
205	0
150	0
119	0
69	0
54	0
290	0
63	0
45	0
158	69
16	54
30	0
12	24
106	0
0	12
0	0
131	0
46	0
0	0
225	0
507	0
382	0
1308	1517
25736	0
293	0
9	0
135	0
171	0
34	0
88	0
3	19
0	100
180	0
17	0
22	0
82	0
3	0
2	162
169	0
0	0
1	5
124	0
42	10
75	0
550	0
137	0
0	449
78	0
5	45
0	57
297	0
106	0
41	0
137	0
21	14
46	0
5	20
6	12
27	0
18	79
951	0
47	0
62	0
121	0
67	0
499	0
34	0
117	0
65	0
120	0
0	8
182	0
6	154
4	8
119	0
804	0
54	0
140	0
634	0
84	0
45	0
574	0
73	5
88	0
96	0
513	0
54	0
33	2
49	0
900	0
17	0
35	0
131	0
249	0
20	273
1	0
157	62
32	0
101	334
77	0
2	14
9	0
0	6
1551	678
59	151
30	86
22	0
5	92
52	0
104	0
58	0
16	6599
3	10
410	122
10	0
1	4
86	0
394	0
267	1947
330	0
0	0
6	0
398	0
104	0
208	0
0	0
167	0
36	0
183	0
1	23
0	3
39	3
0	28
52	0
36	0
288	0
123	0
53	0
0	0
122	0
2896	0
103	0
224	0
108	0
82	0
42	0
1	11
1	0
483	0
3	3
91	0
163	0
52	130
0	0
250	0
0	10
97	0
89	0
9	0
234	0
68	0
87	0
106	3
28	4
258	0
28	0
191	0
562	0
78	13
0	8
132	0
200	3
55	0
174	0
0	1237
0	103
130	0
98	0
2	39
401	0
429	0
385	212
96	0
17	67
34	0
238	0
45	0
33	11
1722	0
0	0
29	0
5	4
59	0
52	0
124	0
76	0
45	0
2	1
333	101
41	0
162	0
80	0
13	81
8	0
4	0
875	2428
4	0
64	0
5	0
159	9
69	14
99	0
124	0
120	0
169	0
0	757
275	0
126	0
1	16
31	83
105	1
116	0
163	10
355	0
140	0
2360	28
108	52
1	14
251	89
44	0
164	0
152	0
148	0
8070	11718
91	0
167	0
99	0
179	0
31	0
26	0
85	0
141	0
120	0
1039	1517
247	0
74	0
99	0
12	1
0	0
111	0
55	11
0	1
142	0
4	0
36	0
108	0
1	46
1	9
77	0
56	0
495	0
0	0
78	0
11	18
161	0
475	0
0	6
152	0
61	17
243	0
190	0
49	0
27	0
102	0
1	2
37	4
60	0
22	0
61	0
2	13
99	0
4	0
150	0
0	60
93	0
89	0
56	0
69	0
0	92
3	1280
36	0
105	1427
246	0
16	10
90	0
126	0
92	0
70	0
24	0
69	0
596	0
125	131
113	0
15	38
370	0
169	0
251	0
74	0
151	0
89	0
170	0
196	861
81	0
281	0
976	160
46	0
86	0
15	5
92	0
28	0
140	0
245	0
89	0
56	0
111	2
420	0
445	0
11	0
215	0
115	0
6	212
0	11
25	0
20	0
105	0
57	0
20	0
143	0
47	0
58	0
392	0
87	0
376	43
70	11
215	0
56	0
121	0
368	0
141	0
128	0
112	0
258	0
53	0
184	0
157	0
109	25
219	0
168	0
0	61
10	0
0	0
307	0
151	0
78	0
283	0
162	0
1658	90
35	81
222	0
18	0
24	0
1	0
5	0
33	0
227	38
22	0
186	0
1	3
83	0
73	0
7	4
114	0
108	0
17	6
254	0
268	0
8	0
201	0
41	8
62	0
136	0
19	0
2	0
86	0
46	0
45	0
38	0
2	2
1	0
11	68
109	0
0	20
173	22
40	0
0	14
1139	356
68	0
10	2
4	0
98	0
167	0
83	0
95	0
1	8
0	2
25	0
227	0
13	0
127	0
99	0
441	0
674	0
109	0
81	0
229	0
210	0
51	3337
122	0
14	0
535	51
99	0
116	0
105	0
2279	0
61	0
182	0
668	0
5	0
241	98
137	0
35	0
176	0
3	82
261	0
91	0
116	0
86	0
86	0
84	0
57	0
4	4776
19	0
138	0
264	0
61	0
238	0
146	124
14	0
108	0
89	0
39	0
155	0
334	11
244	0
323	0
72	0
412	0
379	1
96	0
75	0
166	0
217	0
477	0
35	0
243	0
111	0
62	0
0	31
380	0
227	0
695	4
124	0
3	0
158	0
1329	0
102	5
114	0
444	2142
0	52
1	49
0	4
113	0
7	0
53	0
306	7
4	110
52	0
449	0
136	0
121	0
0	0
50	0
11	50
168	0
2	0
37	0
70	20
376	0
50	0
1536	0
0	4
848	58
58	0
14	1
86	11
33	0
19	0
57	0
19	0
411	0
0	0
63	0
534	0
200	0
421	0
1	68
98	0
103	0
73	0
66	9
8	0
55	59
77	0
655	0
44	0
10	25
326	0
64	0
51	3
118	0
67	0
78	0
214	0
257	0
92	0
36	0
1042	0
359	0
12	803
143	0
63	0
128	0
237	0
91	0
531	0
0	0
20	0
0	75
120	4562
127	0
284	0
43	0
222	0
410	174
239	0
182	0
88	0
51	0
48	0
27	0
117	0
90	0
87	0
62	8
14	109
58	0
118	0
50	0
169	0
267	293
99	0
124	1280
259	0
0	26
146	0
106	0
241	0
67	0
1	24
0	29
455	0
1357	0
41	0
42	4
134	0
0	2
8	26
115	0
256	0
98	0
46	0
46	0
264	0
7	18
16	10
202	0
2	0
1	80
57	0
8	89
8	0
70	0
183	55
1	0
750	0
125	0
78	0
59	0
43	0
5	11
258	0
71	0
0	4
3	6
24	0
169	0
92	0
154	0
93	0
622	0
214	0
559	0
45	0
4	17
1	29
916	659
61	0
183	0
101	82
83	0
52	0
68	0
0	0
1568	0
81	0
0	6460
105	0
188	0
13	0
65	0
456	0
100	0
2	93
371	0
0	0
85	0
421	0
109	0
167	0
208	0
43	0
429	0
270	0
324	0
78	0
107	0
24	0
32	0
4778	0
150	0
22	0
906	0
360	0
3	21
311	246
356	0
181	0
150	0
0	85
21	0
45	0
83	0
233	0
917	2321
0	0
119	0
83	0
167	0
41	0
180	0
15	58
95	0
28	0
10	0
165	0
44	0
31	0
44	0
80	0
2	51
0	1397
81	0
206	0
446	0
0	705
92	0
19827	5544
463	0
4	63
568	11718
169	0
470	0
47	0
2	0
75	0
86	0
21	49
67	0
50	0
620	223
0	36
0	0
146	0
217	154
137	0
101	0
1120	0
45	0
18	0
7	0
203	0
45	365
261	0
76	0
14	0
16	25
4	0
0	0
115	0
121	0
85	0
382	0
41	0
85	0
59	92
15	35
0	5342
209	3
177	0
156	0
103	0
242	0
50	0
584	1967
4	10
5	29
453	0
69	0
0	6399
54	0
75	72
648	0
56	0
242	0
543	0
0	32
57	0
355	11
42	0
720	0
6	0
237	0
3	0
59	0
11	0
190	0
184	0
70	0
138	0
124	0
122	0
203	66
77	0
0	174
7	33
326	13
0	11
694	178
102	0
3	2
166	0
104	0
190	0
5	12
134	0
357	0
107	0
30	0
93	56
28	0
1	5
112	0
308	0
0	154
697	97
0	116
103	0
144	0
1453	0
244	0
7	267
218	0
4	0
157	0
35	0
94	0
187	0
401	0
63	0
144	0
10	0
907	0
108	0
802	0
82	0
50	0
141	0
7	50
73	0
4	11
61	0
135	84
524	10
576	0
87	0
2	0
3655	14295
0	7
48	0
32	0
61	0
13	0
45	0
54	0
136	0
1	21
202	0
99	0
146	0
1	9
479	0
100	0
199	0
8	0
114	0
788	717
52	0
56	0
11	0
482	0
268	0
91	0
41	0
132	0
45	0
75	0
127	0
380	0
19	74
161	0
74	0
6	0
388	151
86	201
537	0
42	0
55	2546
1581	0
10	0
494	0
39	0
54	0
14	0
10	29
248	0
743	0
133	0
2	24
50	0
105	1589
421	0
180	0
275	188
153	0
0	6
62	0
0	47
4	0
123	0
101	14
3	0
41	0
215	0
243	10
2	0
484	0
197	0
28	0
429	0
1	0
394	0
0	0
47	0
155	0
138	0
51	0
316	0
431	0
2	265
583	0
288	0
0	1
130	0
1776	743
229	0
84	0
35	0
6	0
0	1339
225	0
36	0
62	0
172	0
2	0
141	0
31	0
138	0
24	86
82	0
26	9
17	13
78	0
83	0
156	0
26	3
314	0
391	0
213	0
2	235
39	0
23	0
1	228
302	0
142	0
36	0
165	0
162	0
99	0
26	0
51	6
150	0
850	0
46	0
217	0
86	149
71	0
403	0
80	0
157	0
307	0
88	18
144	174
180	0
38	0
621	0
62	0
95	0
46	0
242	0
93	42
89	0
2	8
182	16
314	0
66	0
152	0
642	0
55	0
22	0
70	0
87	50
49	0
1171	956
41	0
237	0
23	0
156	0
239	21
19	0
0	90
811	0
78	0
1029	0
248	0
243	0
143	0
176	0
104	0
66	52
131	0
29	0
354	0
4	0
67	0
37	0
1579	111
1401	0
0	62
69	0
304	618
242	0
50	0
111	0
32	0
4	9
25	0
473	631
96	232
110	30
153	0
693	0
0	0
8	0
4	232
470	15
58	0
493	509
74	0
4	23
35	0
297	44
6	3
49	0
85	0
421	0
56	0
0	4
0	41
162	0
54	0
187	0
214	0
43	0
288	0
71	56
38	27
100	0
3	0
68	0
34	0
182	0
22	172
63	0
73	0
137	0
61	0
37	0
129	0
402	5
0	83
244	0
1	0
83	0
88	0
62	0
853	0
31	0
96	0
57	0
34	0
0	0
0	173
159	0
97	0
39	0
63	13
228	0
484	0
456	0
56	0
26	0
27	0
316	0
101	0
60	0
146	0
343	0
825	1185
105	0
3	26
53	0
187	0
113	0
99	0
189	0
42	0
33	0
0	51
163	0
976	0
74	0
6	30
77	0
75	0
151	0
609	0
1	0
0	1
11	59
25	0
1	0
34	0
9	0
64	0
221	0
129	115
7	0
776	903
57	46
155	0
171	0
42	0
85	0
0	1
0	0
218	0
16	64
81	0
127	0
13	0
179	0
0	91
66	0
137	0
615	0
1	0
191	0
3	41
101	0
4	0
38	0
182	3121
48	0
240	0
11	19
731	0
58	0
63	6700
3	51
62	0
107	8
14	32
243	0
2	65
196	0
192	0
55	0
59	0
260	0
17	0
569	0
112	0
118	0
251	0
31	0
9	18
4	35
77	0
224	0
78	0
1078	325
217	0
56	0
180	206
48	0
13	17
468	0
899	50
526	0
111	0
126	0
110	51
104	0
32	0
169	0
1093	0
6	0
1	1
92	0
11	0
396	0
937	0
35	0
526	0
0	7
183	0
150	0
1	0
19	0
387	0
294	0
2	7
351	0
5	0
412	0
260	0
0	0
31	0
68	0
432	0
66	882
82	0
79	0
7	118
262	0
455	0
96	0
55	25
120	0
3	2
215	0
289	0
0	0
137	0
22	0
12	28
46	0
0	8
205	0
130	0
255	0
0	57
223	0
89	0
917	0
5	51
1337	659
61	0
66	0
183	0
181	0
68	0
40	0
94	0
0	0
26	0
79	0
7	0
0	13
75	0
37	0
42	35
400	0
0	7
515	0
174	0
162	0
67	0
7	0
49	0
542	0
12	0
0	0
0	0
0	4
46	0
195	0
11	0
9	560
135	0
12	0
469	0
118	0
62	0
395	68
37	0
97	0
37	0
111	0
114	0
1	0
280	0
16	0
0	0
64	0
45	0
40	0
3136	1404
73	0
191	0
595	0
29	0
227	0
60	0
50	0
229	0
143	0
64	0
157	0
2126	0
40	0
510	90
60	0
14	0
127	0
31	0
138	0
75	0
42	0
42	0
86	46
47	12
168	1
2910	0
316	0
140	0
79	0
12	0
7	0
431	0
30	0
53	0
0	0
112	0
18	0
0	1327
59	0
1065	0
98	0
163	0
151	0
0	0
73	0
273	0
97	0
8	3
1	0
140	0
73	0
458	0
490	0
30	0
64	0
16	212
0	7
186	0
13	0
85	0
17	0
216	126
47	0
130	0
1	117
255	1272
25	0
513	0
132	0
68	0
58	0
102	0
5	0
116	0
500	0
1428	0
47	0
263	0
113	0
114	1
24	0
111	0
68	0
257	0
161	0
47	0
30	0
118	1
67	0
262	0
52	0
682	0
188	0
0	0
153	0
2	0
9	0
3	0
64	0
298	0
77	0
628	0
303	0
132	0
52	10
250	0
166	0
296	0
11	0
230	0
433	0
66	0
549	0
8	0
0	0
27	137
77	0
3	49
676	0
735	0
25	0
219	0
131	0
45	0
84	0
363	0
9	33
101	2
0	137
1	0
32	0
119	0
184	35
479	0
6	1
47	0
69	0
61	0
26	277
56	0
135	0
83	0
76	0
1258	0
61	0
19	15
50	0
305	0
682	1478
0	1
16	14
6	0
294	141
2	0
101	0
138	0
85	0
43	5
155	0
60	0
746	1344
262	4126
763	630
89	0
483	0
67	0
2520	0
29	0
0	9
33	0
75	0
65	0
22	0
174	0
94	0
888	178
15	20
1	0
46	0
51	0
0	0
289	0
14	0
158	0
29	0
193	0
139	0
44	0
3	0
605	1
180	0
46	0
363	0
0	5
228	0
244	14
17	0
55	0
36	24
56	0
74	0
49	0
60	0
100	0
157	0
103	0
2	0
1	85
106	0
80	0
1	0
0	1302
604	0
377	0
198	0
102	0
3	0
246	0
60	0
3	3
44	0
32	0
210	0
89	3
960	0
115	0
46	4
98	0
77	0
49	0
26	0
524	0
0	7
86	0
0	0
171	0
301	0
126	0
735	649
48	0
179	0
858	0
46	0
207	0
68	0
91	0
46	0
73	0
22	0
3	110
384	0
327	0
288	0
89	0
258	0
39	0
0	120
69	0
47	0
85	0
92	0
62	0
162	0
187	0
52	0
6	36
10	319
105	0
794	0
416	0
23	8
208	235
98	4
274	0
652	0
76	0
168	0
25	0
37	0
480	0
102	0
41	0
290	0
18	0
51	0
58	0
23	90
60	0
0	5332
321	0
126	0
5	3
56	17
0	0
125	0
2	14
634	0
34	0
3518	7583
128	0
328	0
176	0
24	0
100	0
9	0
48	0
23	0
329	0
575	44
289	0
101	0
35	0
34	0
264	0
94	0
1	39
0	112
0	1
61	0
2	0
68	0
0	0
99	0
191	0
71	30
46	0
129	0
164	0
138	242
128	0
5	0
37	0
116	0
188	0
35	0
1	61
168	219
180	0
89	0
223	0
95	0
156	0
73	0
245	2
6	0
252	0
0	1
34	0
37	0
555	0
198	0
102	0
6	36
145	0
96	0
87	0
34	0
187	0
54	0
62	15
39	0
2	11
70	0
123	0
41	0
31	0
83	36
539	0
0	11
28	14
51	0
1	0
65	0
55	0
223	0
150	0
10	24
131	0
353	0
39	0
0	233
229	0
224	0
54	0
1	0
217	0
67	0
7	16
0	2
159	0
122	0
190	0
48	0
23	0
188	0
3	0
321	0
3	0
228	0
14	44
22	0
183	6
23	0
3	0
0	26
100	0
289	0
337	0
3	47
2	0
461	0
118	0
100	0
30	0
69	6
61	0
44	0
0	0
814	0
44	0
49	0
0	4
46	0
113	0
0	5
14	3
57	0
49	0
256	0
206	0
256	0
0	485
201	0
67	0
134	0
255	0
39	0
50	0
213	0
40	0
20	22
100	0
386	0
144	0
167	0
71	0
190	0
1	5
6	0
0	0
63	0
572	0
49	0
177	0
302	0
534	0
321	0
108	0
80	0
103	0
0	6
13	0
1	0
434	0
1331	0
77	0
306	0
75	0
135	0
30	0
65	0
866	0
301	0
16	565
27	2
29	55
56	0
3	31
56	0
259	0
0	17
59	0
96	0
133	0
61	0
169	0
53	0
535	21
85	0
6	0
22	0
0	11
11	109
971	0
238	0
222	0
360	0
178	0
100	9
31	0
110	0
254	0
168	0
24	0
103	109
7	0
2	32
45	0
110	0
390	0
102	0
3	15
134	0
596	0
49	0
77	0
64	0
102	0
92	0
39	0
152	0
488	137
0	74
4	52
21	0
961	0
7	0
136	0
36	6
2	1353
346	509
112	0
30	101
761	86
175	0
6	163
6	0
161	0
157	0
97	0
1	51
90	0
297	0
179	0
181	104
138	0
117	0
141	0
0	0
146	0
71	0
80	0
162	0
2	0
152	0
74	0
352	0
85	0
123	0
193	0
883	0
0	9
41	0
198	0
1	67
146	0
101	0
130	0
194	0
33	0
37	0
15	5
277	0
11	0
15	0
67	0
36	86
102	0
221	0
0	0
127	0
74	0
1383	598
176	0
23	0
184	0
169	0
0	6
70	0
164	0
342	0
106	0
122	0
938	1269
536	0
2	5
72	0
40	105
62	0
92	0
0	68
358	73
57	0
103	0
92	0
7	0
24	44
97	0
581	116
9	0
312	2766
13	0
1198	111
0	54
62	0
48	0
107	28
8	28
204	0
66	0
311	0
9	0
214	0
1	4
847	0
3	16
80	0
16	0
11	0
185	0
258	8
569	0
180	0
321	130
12	0
129	0
125	0
2033	171
96	0
3	0
426	0
3925	0
23	0
91	0
164	0
22	2
43	0
322	0
66	0
193	0
122	0
55	0
115	0
125	0
149	0
220	0
16	0
90	55
0	0
285	0
19	78
120	0
0	0
197	0
359	0
2	1
5	11
98	0
11	0
92	0
375	0
53	0
63	0
116	0
16	0
0	0
81	0
311	0
144	0
136	11
46	33
135	0
129	0
306	0
300	0
172	0
174	0
37	0
86	0
68	0
16	0
23	0
0	11
18	46
0	0
238	8
612	65
90	0
5	0
604	3
26	0
94	0
37	0
94	0
0	11
292	0
64	0
44	0
30	14
54	0
159	0
62	0
0	55
112	0
57	0
57	0
91	0
6	11
122	0
110	0
24	0
50	0
323	0
21	0
236	0
46	0
8	0
497	0
34	0
0	0
6518	0
78	0
107	3
113	0
96	5
204	0
0	6
954	0
165	0
137	0
109	0
61	0
59	0
54	0
221	0
1	0
0	3
892	149
310	0
106	0
203	0
1168	0
338	41
46	0
15	0
124	0
248	0
122	0
60	0
161	0
174	0
87	0
69	0
50	0
498	0
818	0
44	0
56	0
33	0
39	0
149	0
216	0
117	0
39	17
100	0
248	0
2	1
527	0
232	0
263	5047
93	0
47	0
207	0
57	0
155	0
77	0
36	0
2627	0
1	0
0	15
258	0
11	0
59	0
82	0
848	0
52	0
373	47
262	0
5	44
521	0
398	0
315	0
103	0
117	0
87	0
298	0
218	0
1	13
55	0
365	0
153	0
78	0
679	567
72	0
67	0
91	0
387	0
0	0
101	0
177	0
199	0
12	0
68	0
79	0
32	0
52	29
5154	0
337	0
2	13
107	0
182	0
49	0
11	19
2	1
491	0
17	0
2	0
62	0
75	0
38	0
30	0
90	0
209	0
1	0
135	0
101	0
66	0
468	0
42	0
126	0
93	0
213	0
198	0
74	0
4	7
90	0
73	18
13026	31329
153	0
29	0
201	0
2	0
6	0
81	0
8	0
0	265
333	0
114	0
99	0
34	0
0	1743
24	0
231	0
98	0
1	20
125	0
31	0
611	0
40	0
156	0
266	25
284	0
48	0
34	0
45	50
52	81
155	0
181	0
0	13
34	0
0	4
5	13
377	0
3	122
66	0
46	0
37	0
40	0
8	0
58	0
69	0
369	0
50	0
142	0
294	0
427	0
145	0
327	0
129	0
24	17
47	0
22	0
193	0
47	2706
38	0
0	118
124	0
142	0
77	0
397	0
258	0
0	14
346	4126
2	6
206	0
50	258
61	0
132	0
52	0
50	0
0	15
25	0
31	0
80	0
4	0
39	9
215	0
84	0
19	5030
8	0
100	0
581	0
62	0
181	0
36	0
64	0
4	0
117	0
0	28
137	0
294	0
14	30
3	40
974	1646
192	0
27	0
2210	0
129	0
89	0
30	0
73	0
70	0
652	0
0	17
394	0
104	0
55	0
72	0
174	0
55	29
174	0
93	0
15	0
108	0
183	0
334	0
468	0
249	0
0	0
107	0
116	0
89	0
54	2546
77	0
72	0
130	0
453	0
196	1
89	0
135	0
185	0
65	0
141	0
4566	0
125	0
78	0
167	0
47	0
29	0
163	0
12	0
158	7
23	0
229	0
123	0
105	0
0	0
65	93
3	0
95	1
96	0
96	0
6	0
4402	102
7	0
323	0
0	62
0	49
80	0
4625	0
160	0
67	0
111	0
61	0
188	0
215	0
0	27
28	0
94	19
86	0
360	65
99	0
570	0
43	0
79	0
186	0
590	0
12	0
7	0
1	44
1	0
16	90
128	0
71	0
182	0
45	0
138	0
136	0
9	0
72	32
118	0
77	0
85	0
9	0
3	1730
478	0
93	0
231	6
85	0
91	0
64	7853
76	0
139	0
56	0
138	0
567	0
150	0
2	57
67	143
271	0
25	0
417	0
3	20
62	0
69	0
40	130
0	33
471	0
31	0
183	0
64	0
2	0
13	0
715	0
26	0
110	18
246	0
103	0
241	0
114	0
200	0
107	0
401	0
305	0
95	0
130	0
65	21
185	0
0	0
5	0
74	64
115	0
214	6
2	0
85	0
100	0
4	0
193	15
27	0
169	90
277	0
206	0
96	0
11	40
16	0
127	0
349	0
48	0
1108	0
83	23
9	0
27	0
2	38
39	0
49	0
240	0
118	0
87	0
64	0
361	0
107	0
57	0
435	0
106	0
234	0
137	101
23	0
64	0
0	0
20	0
39	0
621	101
207	0
197	0
38	0
0	0
51	0
70	0
220	1201
0	0
57	0
54	0
84	0
7	20
80	0
100	0
119	0
45	0
135	0
264	5108
111	0
65	0
44	0
155	0
286	0
0	1
93	0
113	0
31	0
160	0
81	0
244	0
111	0
89	0
91	0
46	0
67	0
0	18
4	68
94	0
76	0
5	227
28	0
0	67
3659	0
6	131
146	0
40	0
150	0
1	0
266	48
0	9
2	30
127	0
190	0
43	0
4	0
118	0
26	2180
376	0
61	0
104	0
217	0
146	0
320	0
66	0
0	49
82	0
316	0
157	0
68	0
23	0
150	0
63	0
179	0
247	0
215	0
132	0
255	0
428	0
214	0
10	0
132	0
267	0
98	75
67	0
387	0
54	0
0	0
98	0
310	0
213	0
211	0
398	0
3	0
178	0
5	30
0	26
248	0
60	0
1899	0
92	0
1146	0
12	0
37	0
53	0
42	0
148	0
177	0
4	91
131	0
106	0
148	0
12	0
75	0
448	0
147	0
47	0
399	0
87	0
8	67
447	0
2092	0
140	0
0	26
439	224
1278	0
62	0
115	0
183	0
157	0
318	0
148	0
22	0
123	68
163	0
0	52
1028	0
24	0
104	0
61	0
0	62
45	0
186	0
199	0
429	0
137	0
78	0
41	0
54	0
55	0
86	0
34	37
162	0
55	0
296	0
304	0
1112	1273
31	0
13	0
105	0
70	0
473	0
666	0
181	0
289	0
124	0
120	0
260	0
55	0
3129	757
408	0
1	3
69	0
72	0
52	0
7	25
164	0
83	0
78	0
73	0
6	0
21	3
2037	3640
15	0
113	0
57	0
132	0
221	0
187	0
164	0
60	0
189	6
3	38
437	0
35	0
37	0
95	0
180	33
32	0
67	0
68	0
124	0
58	0
2	3
61	0
85	0
4	0
137	0
0	0
6	117
471	0
357	0
8	0
6	1
66	0
147	11
242	0
36	0
444	0
102	0
76	0
3	0
103	0
281	0
70	0
78	6
30	0
47	0
0	55
276	0
67	0
185	0
65	20
2	34
4	20
110	7
891	30
809	0
132	25
13	0
58	0
121	50
140	0
53	0
327	130
110	0
0	1
201	0
159	0
67	0
1112	3640
21	0
48	0
1911	0
80	0
198	0
149	0
105	0
142	0
23	0
36	0
118	0
0	0
3	6
78	52
291	0
169	0
4	0
3	830
172	0
63	0
170	0
327	0
0	26
163	0
97	57
303	0
144	0
114	0
1378	0
97	0
142	0
47	0
2	52
6	45
4	0
187	0
87	0
230	0
59	0
38	0
35	0
38	0
87	0
498	0
239	0
17	0
0	27
106	0
58	487
4	29
37	0
34	0
30	0
920	963
54	0
3	0
3	0
53	0
185	0
92	14
420	0
36	0
29	0
637	0
396	0
681	0
236	0
6640	14295
0	3
505	0
197	0
59	0
215	0
442	0
1001	0
54	5544
74	0
236	0
1	1
94	0
0	12
80	0
157	0
257	0
9	8
86	0
110	13
177	0
144	0
498	0
2	0
153	0
77	0
135	0
86	0
191	0
79	0
293	0
444	0
1	0
5	0
7	68
208	0
68	14
129	0
0	0
0	8
62	0
144	0
1006	223
440	0
474	2487
137	0
57	0
29	0
83	0
1022	4134
68	0
64	0
76	0
102	0
76	0
0	0
277	0
39	0
101	0
197	0
14	0
0	0
81	0
3304	1427
746	0
199	0
159	86
87	0
86	0
107	0
0	0
10	0
16	25
180	0
152	0
0	1361
176	0
223	0
207	17
652	0
14	0
503	0
58	0
15	0
2	3
669	0
805	963
13	12
94	0
2	0
20	0
30	0
439	0
96	0
106	0
105	0
2	1
109	0
5895	0
14	14
9	0
75	0
183	0
70	0
131	0
232	0
224	0
118	0
396	0
3	12
85	0
141	0
559	0
182	140
205	0
227	0
270	0
112	0
158	0
17	0
17	0
39	0
15	0
32	0
50	0
141	0
111	0
29	0
67	0
70	0
962	0
163	61
21	0
355	267
3	97
97	0
143	0
263	0
100	2
267	0
51	0
87	0
45	110
0	6
20	0
132	0
179	0
114	0
54	0
135	0
202	0
125	0
0	1337
1	0
77	0
104	0
0	5
1263	175
30	0
44	0
221	0
417	22
42	0
69	0
135	0
183	0
165	0
91	0
0	60
116	0
2	24
145	0
343	0
40	0
67	0
9	18
0	27
25	0
0	5
169	0
307	11
19	10
242	0
115	0
265	0
78	0
31	101
218	0
334	0
224	0
191	0
412	0
0	28
31	0
0	0
51	0
3	8
50	0
96	0
205	82
590	111
106	0
30	0
425	0
477	0
59	0
171	0
0	4
48	0
128	0
83	0
42	3
54	0
14	0
156	0
41	0
46	0
271	0
0	15
88	0
27	0
0	7
242	0
104	0
3	6
4	0
143	0
2	46
32	7
106	10
16	0
350	0
9	0
68	0
682	0
77	0
317	0
133	0
0	0
108	0
55	0
86	0
139	0
249	0
82	0
1	11
154	0
94	0
14	33
1377	598
5	0
159	0
120	0
115	0
26	0
288	0
63	0
19	0
103	0
331	0
150	0
196	0
111	0
7	0
2314	0
66	0
546	0
40	0
194	0
18	0
1	0
69	0
0	2
132	0
179	0
52	0
131	18
213	89
145	0
6	81
162	0
456	0
170	0
215	0
59	0
156	0
0	11
441	0
112	0
1706	266
144	0
285	0
54	0
131	0
526	0
70	0
5	0
5	41
249	0
127	0
107	0
490	0
105	0
0	0
0	0
70	0
64	0
83	4562
51	0
79	0
76	0
55	33
43	0
34	0
0	65
200	0
134	0
54	0
118	0
17	0
106	0
186	0
5	70
360	0
0	2
85	0
10	0
372	0
97	0
582	3
1076	0
150	0
314	36
148	0
657	0
164	0
76	0
701	0
80	0
0	0
365	0
33	0
123	25
0	0
344	0
295	1406
74	0
211	0
10	18
0	0
17	0
3	11
59	0
111	0
186	0
117	0
43	202
45	0
55	32
29	0
131	0
236	0
103	0
53	26
156	0
19	0
289	0
2	106
180	0
230	0
43	0
44	0
147	0
1	0
62	49
56	0
122	0
59	0
91	0
674	0
51	0
194	0
277	0
172	0
60	42
162	0
120	0
88	11
87	0
459	0
113	0
66	0
11	0
28	0
24	0
0	4
135	0
111	0
281	0
283	0
363	84
133	0
226	0
474	0
65	0
372	222
1	1
193	0
92	0
1	51
153	0
176	0
1790	878
2	15
23	0
262	0
280	17
100	0
717	202
382	0
150	0
58	0
119	0
102	3
362	0
52	0
26	0
95	0
154	0
127	0
125	0
311	0
267	0
1	52
74	0
87	10
6	0
30	0
458	0
69	0
192	0
0	27
24	0
1	46
36	0
526	175
37	0
233	0
5	0
0	11
40	0
17	0
97	0
47	0
128	0
77	0
724	0
345	0
55	0
214	9
0	0
546	4249
128	0
3	5
386	0
0	22
72	0
2	0
358	0
6	91
102	0
4	8
3	0
13	72
1	2
17	0
78	0
146	0
2	0
0	0
78	0
102	0
689	0
65	0
306	207
21	0
64	0
105	0
17	0
141	0
14	14
1111	0
97	0
115	13
1	0
113	0
298	0
63	0
0	32
595	0
38	0
35	0
700	0
96	0
0	6
1088	19
4	0
27	0
133	0
111	0
141	0
26	0
77	0
1416	0
295	0
294	0
122	0
178	0
128	81
211	0
465	0
0	8
317	0
318	0
90	55
15764	879
351	0
78	0
32	0
1	46
5	14
7	0
132	0
2	81
0	751
670	0
54	0
136	0
51	0
0	0
115	0
168	0
52	0
203	0
167	10
157	0
140	0
45	6
125	0
21	0
229	0
61	0
1855	0
49	0
1041	1034
247	0
0	3
154	0
29	0
175	0
87	0
6	0
223	0
1	5
155	0
402	0
48	0
38	0
4646	0
260	0
19	121
66	0
544	0
0	65
60	0
42	0
117	0
384	0
118	0
64	0
20	0
1030	0
36	0
0	1392
235	0
240	0
94	0
1	0
74	0
265	0
351	0
114	0
114	0
920	390
30	0
572	0
48	0
90	0
285	0
18	0
26	0
6	0
169	0
136	0
254	0
63	0
37	0
516	0
3	4
68	0
131	0
23	0
16	0
674	0
36	0
1	29
314	0
487	0
70	0
173	0
1	0
232	0
143	0
217	91
134	0
172	40
265	0
0	125
110	0
160	0
99	0
158	0
695	30
3137	0
21	12
359	0
34	0
564	0
77	0
315	413
63	0
180	0
24	0
247	0
566	0
203	0
1	0
342	0
268	0
125	0
274	92
387	903
66	0
60	0
103	0
56	0
239	0
1	33
661	1646
173	0
75	0
49	0
309	0
166	0
47	0
42	0
22	0
0	15
1194	108
79	0
223	0
526	0
121	0
142	0
400	0
13	0
37	0
110	0
61	0
6	0
131	0
11	86
84	0
1	54
46	0
65	0
473	14
165	11
296	1453
198	0
7	0
52	0
234	0
965	354
97	0
97	0
11	49
17	0
399	0
141	0
1118	567
25	0
1	5
91	0
331	0
421	127
87	0
551	0
114	0
19	0
0	3
70	0
1	49
190	0
1172	0
381	0
0	1
41	0
48	3
19	0
362	0
30	0
96	0
201	31
188	0
272	0
0	0
50	0
123	0
269	0
119	31
57	0
673	2
201	0
29	0
53	0
2693	0
212	0
65	0
116	0
170	0
1	1353
34	4
20	0
94	0
35	0
100	0
0	0
63	0
41	84
101	0
0	19
4	10
127	0
270	0
180	0
45	0
21	0
56	0
220	0
16	0
263	0
16	0
133	0
242	0
792	0
231	0
77	0
224	171
381	0
40	0
172	74
332	0
108	0
459	25
6	0
154	0
212	0
57	0
56	0
12	6
31	0
34	30
174	0
4	0
331	0
8	0
124	0
534	0
60	2
587	0
343	0
207	0
412	0
22	0
60	0
0	0
771	325
171	29
2	0
39	0
119	0
178	0
66	0
727	0
344	0
1	0
107	0
108	0
51	0
13	126
211	0
270	0
19	0
489	0
1	4
5	20
79	0
2	0
49	0
23	0
0	242
144	0
0	0
161	0
156	0
47	1
175	0
67	0
194	0
47	1029
384	0
67	0
0	6
5	0
78	0
4	3
171	0
50	0
107	0
1	11
731	0
100	0
10	86
6	67
45	0
349	0
176	0
191	0
260	65
64	0
106	2
14	0
126	0
26	0
0	0
63	0
93	0
40	0
118	0
47	0
176	0
418	0
17	0
157	0
338	0
190	0
438	0
63	0
57	0
234	0
165	0
135	0
3832	0
139	0
131	0
91	0
32	0
82	0
98	0
565	263
1218	0
89	6
0	0
162	0
52	19
15	1
300	0
105	0
9	0
913	0
871	0
70	0
626	1
16	0
35	0
583	1185
191	0
89	0
197	0
446	0
49	0
160	0
63	0
223	0
59	0
114	0
48	0
0	3
477	0
0	268
110	0
8	0
3	0
75	0
187	0
1	19
48	0
45	0
230	0
131	0
25	1
8	0
11	51
47	0
228	0
91	0
80	0
105	0
1	3
6	0
184	0
0	0
234	0
3	3
27	0
207	0
227	0
109	0
426	0
106	0
6	0
1	0
309	0
39	23
140	0
157	1
126	0
84	0
57	0
115	0
5	39
203	0
33	12
83	0
379	0
133	0
187	0
104	0
34	0
36	0
4	80
96	0
493	0
37	0
1746	19
95	0
294	0
0	4
153	0
245	0
767	0
81	38
79	0
101	0
41	267
0	0
262	0
149	0
400	0
20	0
199	0
73	0
299	0
170	11
160	0
55	0
160	0
346	0
893	0
0	22
14	23
55	0
81	0
0	319
23	0
74	1267
214	0
178	0
41	0
95	0
36	0
133	80
238	0
136	4
88	0
129	0
26	0
47	0
3005	0
267	75
175	0
17	29
45	0
9	43
1855	743
81	0
43	0
336	0
80	0
43	0
42	0
81	0
824	1568
58	0
118	0
120	0
2748	0
11	0
201	0
0	1
3	0
87	0
111	30
80	11
228	0
157	0
9	7
270	0
105	0
72	0
181	0
3	0
96	0
138	0
52	0
198	0
79	0
77	0
122	0
382	0
88	4
77	0
18	0
23	0
392	0
34	0
42	0
18	0
7	0
1	0
111	0
109	0
139	0
132	0
341	0
0	11
288	0
138	0
212	0
195	0
49	0
9	0
118	0
0	37
2931	273
187	0
0	39
53	0
84	0
0	18
461	0
1199	0
3	0
114	0
654	0
8	0
39	0
16	22
620	0
173	9
1162	0
100	0
104	0
581	0
490	0
174	0
0	154
123	0
237	0
113	4
66	0
76	0
1	11
62	0
264	0
22	97
171	0
54	0
1	293
539	34006
310	0
413	0
34	0
112	0
7	3
50	0
266	0
11	0
0	55
93	0
2524	0
176	0
9	0
91	0
29	0
9	10
126	20
159	0
50	0
552	2837
979	0
105	0
0	0
89	0
334	0
58	0
73	0
42	0
32	0
109	0
47	0
348	0
26	7
48	0
95	0
0	0
292	61
77	1
87	38
280	0
22	44
156	0
158	0
59	0
61	0
253	0
579	1
235	0
212	4
67	0
343	0
135	0
78	0
70	0
36	0
60	0
562	0
110	94
440	0
300	0
49	722
53	0
143	0
75	0
91	0
19	413
74	0
4718	40
228	0
108	0
174	0
73	0
512	0
113	0
1	23
132	0
36	0
281	4
91	0
42	0
185	5
58	0
72	0
252	0
521	171
126	0
9	1
2	14
3	0
404	0
311	0
505	565
327	0
135	0
369	179
111	0
644	0
7	8
182	0
342	0
200	0
26	28
35	27
6	0
247	0
1427	0
4	0
40	49
0	0
169	0
0	78
73	0
940	0
15	0
71	0
86	0
1	0
21	0
276	68
2	8
299	0
130	0
84	0
84	0
68	0
308	0
20	0
4	71
72	0
0	6
6	330
2	61
50	0
16	125
212	0
66	15
316	0
1195	1344
63	0
14	435
96	0
0	0
76	0
13	59
46	0
131	0
11	0
0	0
28	0
47	0
35	0
78	8
3	0
72	0
112	11
299	2
113	0
14	0
143	0
265	0
399	0
126	0
378	0
47	0
28	0
28	0
96	0
3	0
276	0
142	0
103	0
91	0
59	0
191	0
109	6700
428	0
0	32
386	0
13	0
76	0
83	0
243	0
22	124
218	0
581	0
0	0
51	0
111	0
158	0
9	23
835	0
107	0
19	0
942	0
79	0
119	0
169	0
83	0
44	0
284	0
3	12
150	0
78	0
49	0
49	0
26	0
755	0
240	0
1566	0
61	0
18	0
2365	0
77	0
1065	0
102	0
0	0
54	171
1	45
127	0
241	21
152	0
917	17521
149	0
53	0
92	0
72	0
699	0
60	0
195	0
78	0
16	0
71	0
1	0
82	28
162	0
8	0
115	0
34	0
0	0
701	257
607	0
67	0
138	0
46	0
355	42
0	3
280	0
0	0
16	0
66	24
135	0
163	0
105	0
289	0
39	0
0	16
70	0
2	0
407	0
162	0
44	0
78	0
77	0
18	84
132	17
91	0
42	0
1206	0
130	0
220	0
20	0
34	0
81	0
115	0
435	0
63	0
105	0
28	0
118	0
130	0
61	0
1000	476
34	3
123	0
943	0
53	0
143	0
3	1
138	0
285	0
322	0
0	8
154	0
104	0
924	0
181	0
230	0
69	7
70	0
78	0
310	0
22	0
137	0
194	0
51	0
191	0
65	0
8	0
227	0
190	0
0	124
5	2
1388	0
107	0
153	0
61	0
76	0
316	0
0	13
102	2246
95	0
92	0
160	0
0	99
57	0
107	0
161	0
0	15
1	7
62	0
60	0
0	58
200	0
219	0
1	15
161	0
540	0
45	0
93	0
12	0
0	9
62	0
0	804
469	1741
101	0
109	0
0	0
93	0
75	25
150	0
0	2
189	0
4	0
211	0
222	0
40	0
90	0
199	0
13	0
71	0
81	0
165	188
0	10
102	0
92	0
9	13
1	0
1944	590
80	0
1	0
59	0
151	0
193	0
2	14
286	0
0	0
2054	0
79	0
143	0
0	0
148	0
19	0
224	0
10	58
238	0
3608	0
91	0
150	0
183	0
59	0
48	0
48	0
6	0
163	0
90	0
287	0
97	0
143	0
0	43
14	0
2	0
25	0
20	12
46	0
55	0
122	0
5	0
118	0
24	0
231	0
202	0
730	878
18	0
15	0
904	354
373	0
51	0
21	0
24	0
4	6
68	1
0	0
92	0
141	0
209	6
36	0
4	0
282	0
8	0
50	61
571	0
94	0
280	0
0	5
0	17
155	0
1	471
73	3
115	0
5	6
0	8
44	0
9	98
5	0
108	0
143	0
221	0
5	33
135	0
80	0
452	717
13	0
51	0
56	0
75	0
24	0
68	0
384	0
0	2
43	0
36	0
46	6
116	8
13	0
61	0
146	0
46	0
81	0
220	4
51	0
82	0
14	0
83	0
276	0
71	0
15	224
232	0
344	135
40	0
172	0
435	0
1	0
110	51
121	19
4	51
36	0
49	0
83	0
3	104
56	0
0	6
66	0
214	14
15	0
191	0
157	0
72	0
1	0
80	0
773	0
113	0
10	0
62	0
1876	0
7	59
78	0
392	0
171	0
26	1736
82	0
46	0
79	0
58	0
17	0
195	0
29	0
1	0
101	0
142	0
151	0
77	0
13	0
122	0
1	10
450	0
1087	0
0	0
75	0
36	141
86	0
32	0
103	0
101	0
3	0
2	0
1	1
209	0
70	0
122	0
46	0
148	0
4	72
74	0
154	12
157	0
0	64
70	0
169	0
230	0
222	0
398	32
324	0
22	0
59	0
218	0
238	0
1002	0
67	0
57	0
83	0
154	0
446	0
198	0
235	1951
118	0
62	155
30	0
272	0
290	0
14	0
139	0
78	0
167	0
222	0
55	0
91	0
4	0
200	0
398	0
212	0
764	0
244	0
11	69
32	102
112	0
0	68
77	0
67	0
1	1
75	0
132	0
136	0
51	0
4	62
0	78
1818	1
394	0
438	722
186	0
7	0
211	0
61	0
94	0
0	2
289	18
167	46
1562	878
61	0
91	0
0	0
26	0
454	0
238	0
302	0
244	0
142	0
117	0
69	0
379	0
0	59
59	0
317	0
70	0
65	54
15	0
5	0
105	0
17	138
92	0
65	0
319	0
46	0
96	0
343	0
210	0
1335	0
16	0
80	0
197	0
54	0
136	0
34	0
31	0
271	0
5	0
22	0
12	0
148	1
17	0
77	0
42	0
1	14
232	0
530	36
54	0
172	0
4	49
129	0
402	0
0	132
665	0
177	0
142	21
118	0
179	0
81	0
129	0
7	11
151	0
55	0
74	0
133	0
1454	179
105	0
8	0
131	0
96	0
66	3
577	0
79	0
802	0
177	0
320	0
156	0
289	0
157	0
132	0
99	0
62	0
15	0
13	50
111	0
56	0
34	0
88	0
365	0
16	0
340	0
490	0
534	0
52	0
1320	2142
252	0
110	0
38	0
1771	1273
115	0
57	0
38	0
210	0
1143	388
76	0
731	0
26	0
1175	0
451	0
12	0
77	0
507	0
14	0
0	0
76	0
3735	0
335	0
0	0
180	78
17	0
92	0
10	0
192	0
681	1269
16	26
53	0
1	5
11	32
80	0
52	0
440	0
116	0
92	0
277	0
4	51
292	6
7	0
1	0
57	0
1457	0
273	0
1002	0
339	0
0	66
71	0
146	0
13	0
261	0
7	0
14	0
0	6357
43	0
33	0
94	0
121	0
72	0
306	0
190	0
139	0
43	0
86	0
47	0
56	0
179	4
442	0
53	0
115	0
51	0
22	2
126	47
726	0
78	0
0	22
219	0
157	0
0	0
32	0
383	0
997	0
1116	0
108	0
87	0
267	0
128	0
5	0
55	0
287	0
60	0
58	0
53	0
64	77
112	0
15	0
110	0
0	34
69	0
249	0
211	0
39	0
664	0
783	0
90	0
32	0
175	0
3	81
138	0
275	5
85	0
88	0
2083	0
96	0
11	0
0	4
99	0
115	0
126	0
75	0
266	121
561	0
1	21
20	0
108	0
237	0
120	0
153	0
305	0
539	7583
6	0
16	0
23	0
44	0
0	5
203	0
218	0
62	0
5	0
84	0
1	0
1	22
74	0
3	0
446	0
365	0
56	0
118	0
1	10
136	0
326	0
1	0
60	0
465	0
78	0
39	0
126	6
751	1034
555	0
0	0
192	0
0	0
594	560
390	0
93	0
36	0
0	11
63	0
13	0
0	0
184	0
51	0
39	0
451	0
301	0
48	0
0	0
45	0
595	0
0	0
71	0
83	12
23	0
111	0
210	0
684	0
0	17
9	0
0	0
312	41
88	0
146	0
125	0
59	0
206	0
0	0
179	0
45	109
73	0
38	0
70	0
77	0
75	0
209	0
68	0
33	0
397	0
223	0
10	0
109	0
184	0
9	72
325	0
192	2
85	0
58	0
77	0
27	0
0	7
315	0
85	0
205	0
26	0
606	0
524	49
525	0
263	0
195	1
100	0
322	0
130	0
986	476
0	0
247	0
45	0
356	0
6	0
48	0
15	6
91	0
0	0
94	5
528	0
173	0
26	0
3554	0
191	0
14	0
135	0
258	0
75	0
13	0
21	2
77	0
81	0
118	0
1	0
145	0
0	3
432	74
3	369
50	0
78	266
261	0
77	6
139	0
2	8
66	98
47	0
63	0
229	0
93	0
54	0
220	0
195	0
0	10
901	0
92	0
254	18
193	0
2	12
254	26
283	0
23	0
109	0
50	0
74	33
0	0
51	0
710	0
42	0
52	0
50	0
421	0
80	0
0	0
134	0
73	0
171	0
2	15
30	0
196	0
20	0
28	0
79	0
138	0
292	0
28	0
2	1
1068	0
21	0
10	0
133	0
108	0
92	46
157	23
89	66
57	0
137	0
316	0
135	0
9218	0
208	0
161	0
4	0
84	0
486	0
221	0
0	12
98	0
51	0
34	0
5	0
156	0
2	0
110	0
62	0
627	0
466	0
96	0
49	0
29	67
0	58
0	4
38	0
340	0
0	0
283	0
67	0
99	0
164	0
2712	0
16	0
53	0
111	0
231	0
95	0
132	0
29	0
2	6
89	0
188	0
144	1947
101	0
65	0
30	11
204	0
10	0
244	0
68	0
71	0
582	0
44	0
174	0
4	22
77	0
9	0
39	0
248	0
20	0
3	11
41	0
73	0
24	33
163	0
58	0
26	92
118	0
136	0
18	0
118	0
259	34
235	0
81	0
117	0
128	0
2	0
61	0
60	0
24	0
405	34006
237	0
137	0
27	0
92	0
109	0
131	0
60	0
135	0
20	2202
91	7
125	0
333	0
212	125
50	0
84	0
151	0
191	0
0	11
22	631
499	0
60	0
17	0
2442	7853
75	74
243	0
43	0
0	107
34	0
92	6
136	0
20	0
96	0
69	0
9	0
308	0
18	0
0	0
67	0
151	0
124	0
811	227
41	102
48	33
19	0
416	0
0	0
22	0
44	0
0	0
536	0
330	0
31	0
43	0
85	0
0	3
113	0
48	0
52	0
30	0
71	0
57	0
60	0
408	22
77	0
19	36
47	0
1375	0
253	0
35	0
1286	0
156	0
61	0
62	0
1	0
313	0
111	0
84	0
7	78
70	0
85	0
41	0
101	0
47	0
9	47
565	0
182	0
331	0
28	68
133	0
13	38
7	0
27	3
97	0
99	0
194	0
89	2
5	45
0	6035
96	0
14	0
293	0
164	0
36	0
4	0
69	0
51	0
55	0
0	17
14	0
0	98
101	33
0	19
56	0
50	0
55	0
15	0
65	0
26	0
35	0
93	0
42	0
44	0
206	0
91	0
47	0
142	0
8	0
14	0
218	0
67	0
72	10
557	108
10	2766
122	92
6	0
127	0
1886	79
11	4
0	29
107	0
69	0
132	0
208	0
101	0
119	95
319	0
108	0
94	0
0	10
34	0
258	0
34	0
65	0
103	0
20	0
38	0
575	0
43	0
97	0
2	2
400	0
5	0
158	0
150	0
177	0
55	0
33	0
116	0
18	0
118	12
144	0
129	0
128	0
3	0
479	0
148	0
72	0
4	10
0	32
78	13
0	5
66	0
23	6
0	50
111	0
70	0
742	0
69	0
30	0
708	0
437	0
64	0
19	5
175	0
27	0
169	0
208	0
85	0
0	0
298	0
64	0
18	0
271	0
9	9
692	0
39	0
70	0
984	0
975	8
0	3
149	0
1	6232
195	0
182	0
33	0
226	0
164	0
91	0
14	0
321	0
34	0
46	0
70	0
96	0
147	29
86	0
64	0
5564	390
68	0
109	0
66	0
215	38
246	0
132	0
0	87
122	16
21	0
147	0
29	0
175	0
310	0
156	0
3	0
36	0
111	0
326	0
112	0
3	0
63	0
127	0
108	0
53	0
0	1
84	115
266	0
25	0
43	0
129	25
70	0
115	0
122	0
16	0
25	0
139	0
21	0
33	0
49	0
1246	0
140	0
94	0
124	0
64	0
204	0
25	0
97	0
412	0
194	0
70	0
0	23
77	0
301	0
4	64
39	0
0	192
61	0
195	1
187	0
357	0
0	0
161	0
116	0
285	0
85	0
88	0
99	0
94	0
75	0
172	0
16	0
209	0
1	5
1626	58
114	0
9	0
82	0
110	3
73	0
0	1
5543	32764
535	46
247	0
41	0
68	0
40	0
1	21
90	0
110	0
98	0
17	0
60	0
202	0
192	0
468	0
127	19
127	0
365	0
28	106
348	0
258	6
72	0
738	0
177	0
78	0
49	0
0	2
24	0
191	0
117	0
582	0
132	0
945	0
0	141
69	0
86	0
52	0
86	0
526	0
22	0
1096	388
23	10
4	32
70	0
0	8
222	0
0	0
18	0
105	0
0	1
0	0
121	0
322	0
427	0
81	0
490	0
624	0
23	82
961	4249
78	0
126	0
89	0
77	0
817	0
101	0
84	0
117	0
47	84
160	0
60	0
479	0
141	0
27	0
68	0
153	0
1	0
556	0
4	1
118	0
18	0
1014	0
131	173
29	24
294	0
146	0
4	0
252	0
2	16
294	0
3	40
110	0
10	127
205	0
101	0
5	30
37	0
66	0
91	0
671	0
109	0
63	0
1894	0
36	0
90	0
137	0
72	49
67	0
0	0
91	0
0	0
189	0
72	0
4	2
147	0
495	0
186	0
369	9
1	184
0	0
12	0
6	0
2	0
95	43
873	0
907	590
142	32
248	0
165	68
40	0
278	0
37	0
4	12
95	0
12	0
186	0
105	0
51	0
82	75
154	0
100	0
41	4
0	5
84	0
30	0
21	0
50	0
176	0
742	30
88	0
464	117
1	6
208	0
1822	18
235	0
531	120
65	0
5	0
0	130
0	1
63	0
92	0
79	0
148	0
7	0
448	0
103	0
87	0
508	182
427	0
40	0
78	0
206	0
48	0
288	0
54	0
178	0
112	0
2	0
117	0
1300	111
92	13
175	0
0	356
97	0
68	0
112	0
28	5
94	7
61	0
182	361
27	0
70	0
117	0
254	25
115	0
408	0
193	0
1588	0
371	0
179	1951
327	0
137	0
437	0
53	0
0	1406
4	0
87	0
55	0
37	0
1	0
0	0
26	0
46	219
473	17
88	0
143	36
22	30
441	21
0	95
3	35
24	0
49	0
464	0
153	22
36	0
61	0
84	0
14	0
459	0
16	0
52	0
224	3121
118	0
521	0
129	0
87	0
51	0
2	16
156	0
63	0
6	135
2	0
128	0
1	0
92	0
95	0
174	0
646	0
234	0
309	0
930	46
3	4
93	0
72	0
360	0
2	0
45	0
7	0
106	0
93	8
855	0
19	95
79	0
42	0
102	25
243	0
311	956
116	0
221	0
138	0
37	0
5	18
53	0
81	0
51	0
381	0
261	0
14	0
1	4
165	6
46	0
67	0
121	0
23	0
81	0
3	0
77	0
127	0
19	0
114	0
87	0
119	0
772	0
0	6
1552	0
257	0
22	0
147	0
39	0
161	0
18	0
156	0
171	0
16	0
188	0
424	119
118	30
82	34
27	5
116	15
192	0
58	0
598	0
58	0
158	0
63	111
40	0
864	90
52	144
102	0
6	17
1	0
267	0
21	0
36	0
106	0
775	0
73	0
139	0
231	0
113	0
0	3
222	0
60	0
209	0
0	0
49	0
201	0
67	0
264	0
361	0
1142	207
489	0
289	7
383	0
2	0
77	20
107	0
534	0
98	0
36	0
136	0
97	1433
132	0
185	0
0	0
96	0
14033	1
1	0
90	80
141	0
136	45
6	0
754	0
6	0
5	0
26	84
141	7
98	0
66	29
693	137
196	0
163	0
0	0
146	1
1	0
0	0
148	0
31	0
141	0
31	0
111	0
0	0
86	0
5	0
1	16
96	40
76	0
146	1201
1	0
121	0
132	0
106	0
62	0
105	0
188	8
371	0
375	0
108	0
68	0
0	0
168	0
175	0
108	0
130	0
317	10
124	0
0	4
138	0
335	0
2	7
110	0
17	206
54	108
403	0
75	0
23	0
5	0
48	0
447	0
27	2
11	3
99	0
16	0
90	0
188	0
1	2
373	0
72	0
400	0
167	0
41	0
12	0
21	4
533	144
0	0
196	0
122	0
4	0
13	0
137	0
4	160
182	0
77	0
52	0
0	47
3	0
236	0
218	0
0	1
1142	0
75	0
108	0
80	0
36	51
647	0
2	0
51	0
109	0
67	0
0	0
114	0
15	0
331	0
43	0
453	0
22	0
213	0
56	0
796	0
5	0
161	0
0	0
1	0
179	0
168	0
3	98
1987	0
109	0
102	0
319	0
171	0
0	0
10	44
30	0
65	0
27	0
0	11
70	0
268	0
199	0
0	6
270	0
49	0
743	2287
3	0
29	0
386	0
65	0
29	2826
13	111
221	0
13	2
172	0
428	0
108	0
395	0
9	0
65	0
203	5
29	0
83	0
140	0
47	0
68	0
0	0
97	0
64	0
651	27
176	0
107	0
38	0
243	0
153	0
27	0
116	0
315	0
100	74
63	0
169	0
18	0
98	0
0	0
47	0
0	7
3	0
700	0
15	0
60	0
0	10
307	0
502	116
302	0
88	0
504	92
44	0
308	0
105	0
77	0
125	16
65	0
52	0
142	0
586	0
96	0
36	0
2	4
98	0
78	0
390	0
0	1
113	0
1788	1433
108	67
170	0
556	0
103	0
128	0
213	0
0	32
15	0
2	2
568	10
1	7
0	4
67	0
80	0
17	0
86	0
194	0
31	0
83	0
202	0
681	0
19	0
98	0
147	0
112	0
458	0
159	0
120	0
42	0
42	0
9	0
455	0
107	44
141	0
126	0
3	0
28	0
3	61
209	0
137	0
49	0
64	30
10	0
249	0
5	0
104	0
157	0
48	0
74	0
0	4
3	0
81	0
34	0
155	678
5	32
611	0
125	277
0	7
152	0
205	0
761	0
20	0
307	0
652	0
667	0
103	0
0	13
139	8
37	0
114	0
394	0
79	0
116	0
30	0
116	0
74	0
63	0
126	10
0	0
14	58
56	0
269	0
137	0
75	0
0	1
215	0
413	0
79	0
167	3
111	0
0	100
101	0
49	0
38	0
124	0
337	0
72	0
57	0
1013	0
152	0
31	0
1	18
1	0
168	0
97	0
464	0
293	0
208	0
15	0
241	0
1358	630
0	6
479	27
56	0
295	0
5536	1659
195	0
19	0
51	0
0	1589
26	0
78	6
152	0
1	0
51	0
260	0
42	0
241	0
395	0
70	0
77	0
98	0
126	0
134	0
98	0
53	0
54	0
1	3
1	0
939	0
11	0
84	0
1	25
104	0
77	0
50	0
86	0
53	0
149	0
639	0
21	0
315	0
0	5996
61	0
153	0
113	0
351	0
20	0
58	0
212	0
107	0
15	0
158	0
443	0
104	0
792	0
276	0
315	0
61	10
236	0
46	16
235	0
45	0
37	0
508	0
84	50
32	0
86	0
0	30
45	0
96	0
315	11
92	44
88	0
91	0
516	0
1061	0
41	0
29	0
120	0
286	0
0	82
93	0
421	0
59	0
91	0
221	0
1083	0
112	0
21	0
0	0
0	0
95	0
71	0
18	0
56	11
19	172
129	361
276	0
39	0
102	0
182	16
89	0
630	0
37	89
5	92
82	0
206	0
176	1
64	0
115	13
298	0
319	0
237	0
139	0
65	0
103	0
458	1741
126	0
0	0
94	0
89	0
288	0
40	0
302	0
265	2
1	0
321	1252
370	1
377	0
244	0
63	0
21	13
41	0
273	0
95	0
19	0
0	3
257	0
39	60
133	0
34	0
100	0
141	0
0	15
86	0
202	0
1998	3337
134	0
10	0
192	0
190	0
71	0
342	5108
9	1554
29	0
123	0
172	0
449	22
174	32
61	0
520	649
10	10
183	0
300	0
168	0
0	6
11	1
133	43
940	0
26	420
196	0
72	0
0	0
212	0
26	155
123	0
187	0
81	0
12	44
3695	108
187	0
124	0
40	0
0	11
37	0
597	0
51	0
349	14
72	0
135	0
41	0
1	41
11	0
1	0
230	0
28	102
87	0
28	0
52	58
34	0
3	0
453	301
96	0
38	0
76	0
4	0
168	0
6	65
154	2
19	0
3	5
138	0
26	4
31	0
81	0
0	6335
1	50
0	57
2	0
52	0
2	2
1	3
205	0
0	7
43	0
89	0
1594	861
3	0
166	10
147	0
29	97
0	51
54	0
1	0
125	0
408	0
35	0
169	0
426	0
1	0
312	0
45	0
39	0
87	13
29	0
112	19
98	30
1047	0
81	0
10	64
15	0
92	0
11	11
0	2
37	94
0	0
3	12
0	0
3	8
2	15
